100,PASS
101,PASS
102,PASS
103,PASS
104,PASS
105,PASS
106,PASS
107,PASS
108,PASS
109,PASS
10,PASS
110,PASS
111,PASS
112,PASS
113,PASS
114,PASS
115,PASS
116,PASS
117,PASS
118,PASS
119,PASS
11,PASS
120,PASS
121,PASS
122,PASS
123,PASS
124,PASS
125,PASS
126,PASS
127,PASS
128,PASS
129,PASS
12,PASS
130,PASS
131,PASS
132,PASS
133,PASS
134,PASS
135,PASS
136,PASS
137,PASS
138,PASS
139,PASS
13,PASS
140,PASS
141,PASS
142,PASS
143,PASS
144,PASS
145,PASS
146,PASS
147,PASS
148,PASS
149,PASS
14,PASS
150,PASS
151,PASS
152,PASS
153,PASS
154,PASS
155,PASS
156,PASS
157,PASS
158,PASS
159,PASS
15,PASS
160,PASS
161,PASS
162,PASS
163,PASS
164,PASS
165,PASS
166,PASS
167,PASS
168,PASS
169,PASS
16,PASS
170,PASS
171,PASS
172,PASS
173,PASS
174,PASS
175,PASS
176,PASS
177,PASS
178,PASS
179,PASS
17,PASS
180,PASS
181,PASS
182,PASS
183,PASS
184,PASS
185,PASS
186,PASS
187,PASS
188,PASS
189,PASS
18,PASS
190,PASS
191,PASS
192,PASS
193,PASS
194,PASS
195,PASS
196,PASS
197,PASS
198,PASS
199,FAIL
19,PASS
1,PASS
200,PASS
201,PASS
202,PASS
203,PASS
204,PASS
205,PASS
206,PASS
207,PASS
208,PASS
209,PASS
20,PASS
210,PASS
211,PASS
212,PASS
213,PASS
214,PASS
215,PASS
216,PASS
217,PASS
218,PASS
219,PASS
21,PASS
220,PASS
221,PASS
222,PASS
223,PASS
224,PASS
225,PASS
226,PASS
227,PASS
228,PASS
229,PASS
22,PASS
230,PASS
231,PASS
232,PASS
233,PASS
234,PASS
235,PASS
236,PASS
237,PASS
238,PASS
239,PASS
23,PASS
240,PASS
241,PASS
242,PASS
243,PASS
244,PASS
245,PASS
246,PASS
247,PASS
248,PASS
249,PASS
24,PASS
250,PASS
251,PASS
252,PASS
253,PASS
254,PASS
255,PASS
256,PASS
257,PASS
258,PASS
259,PASS
25,PASS
260,PASS
261,PASS
262,PASS
263,PASS
264,PASS
265,PASS
266,PASS
267,PASS
268,PASS
269,PASS
26,PASS
270,PASS
271,PASS
272,PASS
273,PASS
274,FAIL
275,PASS
276,PASS
277,FAIL
278,FAIL
279,PASS
27,FAIL
280,PASS
28,PASS
29,PASS
2,PASS
30,PASS
31,PASS
32,PASS
33,PASS
34,PASS
35,PASS
36,PASS
37,PASS
38,PASS
39,PASS
3,PASS
40,PASS
41,PASS
42,PASS
43,PASS
44,PASS
45,PASS
46,PASS
47,PASS
48,PASS
49,PASS
4,PASS
50,PASS
51,PASS
52,PASS
53,PASS
54,PASS
55,PASS
56,PASS
57,PASS
58,PASS
59,PASS
5,PASS
60,PASS
61,PASS
62,PASS
63,PASS
64,PASS
65,PASS
66,PASS
67,FAIL
68,PASS
69,PASS
6,PASS
70,PASS
71,PASS
72,FAIL
73,PASS
74,PASS
75,PASS
76,PASS
77,PASS
78,PASS
79,PASS
7,PASS
80,PASS
81,PASS
82,PASS
83,PASS
84,FAIL
85,PASS
86,PASS
87,PASS
88,PASS
89,PASS
8,PASS
90,PASS
91,PASS
92,PASS
93,PASS
94,PASS
95,PASS
96,PASS
97,FAIL
98,PASS
99,PASS
9,PASS
